filename,rms,spectral_centroid,spectral_bandwidth,rolloff,zero_crossing_rate,mfcc1,mfcc2,mfcc3,mfcc4,mfcc5,mfcc6,mfcc7,mfcc8,mfcc9,mfcc10,mfcc11,mfcc12,mfcc13,mfcc14,mfcc15,mfcc16,mfcc17,mfcc18,mfcc19,mfcc20
test.wav,0.010880811139941216,1803.3323296518336,2417.1168803433475,4267.1630859375,0.04780105064655173,-346.01995849609375,109.29210662841797,1.3132413625717163,32.080650329589844,9.137137413024902,19.918018341064453,1.8273645639419556,15.66516399383545,-0.7760767340660095,9.594385147094727,-9.303824424743652,3.7267165184020996,-6.546785354614258,7.625609874725342,-2.267110586166382,11.400193214416504,-3.5862932205200195,7.139862537384033,-5.452800750732422,8.666035652160645
